First Name|Last Name|Address Line 1|Address Line 2|City|State|Country|Postal Code|Account Type|Routing Number|Account Number
Jenny|Rosen|4021 Kalispell Lane||Charlotte|NC|US|28269|Individual|110000000|000123456789
Mike|Rose|8700 Baltimore Ave||College Park|MD|US|20740|Individual|110000000|000123456789
John|Doe|1000 Derita Road||Concord|NC|US|28027|Individual|110000000|000222222227
Scott|Dale|1230 Crescent Drive||Corpus Christi|TX|US|78412|Individual|110000000|000111111116
Andy|Young|249 Putnam Ave||Brooklyn|NY|US|11216|Individual|110000000|000333333335
Arthur|Song|401 Washington Boulevard||Jersey City|NJ|US|07310|Individual|110000000|000444444440
Mary|Jane|645 Elden Street||Herndon|VA|US|28027|Individual|110000000|000666666661
Sean|Forbes|27 East Central Ave||Paoli|PA|US|19301|Individual|110000000|000555555559
Tom|Hanks| | |Cupertino|CA|US|123476|Individual|110000000|000111111113
Avi|Green| | | |XY|US|78901|Individual|110000011|000123456780